"","X.U.FEFF.Honorific.Title","First.Name","Last.Name","Constituency","Province...Territory","Political.Affiliation","Start.Date","End.Date","Birth.Date.x","Age","Model.A","Model.B","Model.C","M.F","Elected.as.of","Birth.Date.y"
"1","","Ziad","Aboultaif","Edmonton Manning","Alberta","Conservative","2015-10-19 0:00","2019-10-20 23:59","1966","52","Generation X","Generation X","Generation X","M","10/19/2015","NULL"
"2","","Dan","Albas","Central Okanagan—Similkameen—Nicola","British Columbia","Conservative","2015-10-19 0:00","2019-10-20 23:59","01-Dec-76","44","Millennial","Generation X","Generation X","M","10/19/2015","NULL"
"3","","Harold","Albrecht","Kitchener—Conestoga","Ontario","Conservative","2015-10-19 0:00","2019-10-20 23:59","15-Oct-49","71","Baby Boomer","Baby Boomer","Baby Boomer","M","10/19/2015","NULL"
"4","","John","Aldag","Cloverdale—Langley City","British Columbia","Liberal","2015-10-19 0:00","2019-10-20 23:59","1963","55","Generation X","Generation X","Generation X","M","10/19/2015","NULL"
"5","","Omar","Alghabra","Mississauga Centre","Ontario","Liberal","2015-10-19 0:00","2019-10-20 23:59","24-Oct-69","51","Generation X","Generation X","Generation X","M","10/19/2015","NULL"
"6","","Leona","Alleslev","Aurora—Oak Ridges—Richmond Hill","Ontario","Conservative","2015-10-19 0:00","2019-10-20 23:59","16-Mar-68","52","Generation X","Generation X","Generation X","F","10/19/2015","NULL"
"7","","Dean","Allison","Niagara West","Ontario","Conservative","2015-10-19 0:00","2019-10-20 23:59","18-Feb-65","56","Generation X","Generation X","Generation X","M","10/19/2015","NULL"
"8","Hon.","Rona","Ambrose","Sturgeon River—Parkland","Alberta","Conservative","2015-10-19 0:00","2017-07-04 23:59",NA,NA,NA,NA,NA,NA,NA,"Ronalee Chapchuk (1969-03-15) March 15, 1969 (age 51)Valleyview, Alberta, Canada"
"9","","William","Amos","Pontiac","Quebec","Liberal","2015-10-19 0:00","2019-10-20 23:59","04-Dec-74","46","Generation X","Generation X","Generation X","M","10/19/2015 ","NULL"
"10","","Gary","Anandasangaree","Scarborough—Rouge Park","Ontario","Liberal","2015-10-19 0:00","2019-10-20 23:59","estimate","estimate","Baby Boomer","Baby Boomer","Baby Boomer","M","10/19/2015","NULL"
"11","","David","Anderson","Cypress Hills—Grasslands","Saskatchewan","Conservative","2015-10-19 0:00","2019-10-20 23:59","15-Aug-57","63","Baby Boomer","Baby Boomer","Baby Boomer","M","12/11/2017 ","NULL"
"12","","Charlie","Angus","Timmins—James Bay","Ontario","NDP","2015-10-19 0:00","2019-10-20 23:59","14-Nov-62","58","Generation X","Generation X","Generation X","M","10/19/2015","NULL"
"13","","Mel","Arnold","North Okanagan—Shuswap","British Columbia","Conservative","2015-10-19 0:00","2019-10-20 23:59","1958/1959","60","Generation X","Generation X","Baby Boomer","M","10/19/2015","NULL"
"14","","René","Arseneault","Madawaska—Restigouche","New Brunswick","Liberal","2015-10-19 0:00","2019-10-20 23:59","estimate","estimate","Baby Boomer","Baby Boomer","Baby Boomer","M","10/19/2015","NULL"
"15","","Chandra","Arya","Nepean","Ontario","Liberal","2015-10-19 0:00","2019-10-20 23:59","1963","55","Generation X","Generation X","Generation X","M","10/19/2015","NULL"
"16","","Niki","Ashton","Churchill—Keewatinook Aski","Manitoba","NDP","2015-10-19 0:00","2019-10-20 23:59","09-Sep-82","38","Millennial","Millennial","Millennial","F","10/19/2015","NULL"
"17","","Robert","Aubin","Trois-Rivières","Quebec","NDP","2015-10-19 0:00","2019-10-20 23:59","26-May-60","60","Generation X","Generation X","Baby Boomer","M","10/19/2015 ","NULL"
"18","","Ramez","Ayoub","Thérèse-De Blainville","Quebec","Liberal","2015-10-19 0:00","2019-10-20 23:59","1966","52","Generation X","Generation X","Generation X","M","10/19/2015 ","NULL"
"19","","Vance","Badawey","Niagara Centre","Ontario","Liberal","2015-10-19 0:00","2019-10-20 23:59","05-Oct-64","56","Generation X","Generation X","Generation X","M","10/19/2015","NULL"
"20","Hon.","Larry","Bagnell","Yukon","Yukon","Liberal","2015-10-19 0:00","2019-10-20 23:59","19-Dec-49","71","Baby Boomer","Baby Boomer","Baby Boomer","M","10/19/2015 ","NULL"
"21","Hon.","Navdeep","Bains","Mississauga—Malton","Ontario","Liberal","2015-10-19 0:00","2019-10-20 23:59","16-Jun-77","43","Millennial","Generation X","Generation X","M","10/19/2015","NULL"
"22","","John","Barlow","Foothills","Alberta","Conservative","2015-10-19 0:00","2019-10-20 23:59","13-Oct-71","49","Generation X","Generation X","Generation X","M","10/19/2015","NULL"
"23","","Michael","Barrett","Leeds—Grenville—Thousand Islands and Rideau Lakes","Ontario","Conservative","2018-12-03 0:00","2019-10-20 23:59","1984","35","","Millennial","","M","12/3/2018","NULL"
"24","","Xavier","Barsalou-Duval","Pierre-Boucher—Les Patriotes—Verchères","Quebec","Bloc Québécois","2015-10-19 0:00","2019-10-20 23:59","10-Nov-88","32","Millennial","Millennial","Millennial","M","10/19/2015 ","NULL"
"25","","Frank","Baylis","Pierrefonds—Dollard","Quebec","Liberal","2015-10-19 0:00","2019-10-20 23:59","15-Nov-62","58","Generation X","Generation X","Generation X","M","10/19/2015 ","NULL"
"26","","Mario","Beaulieu","La Pointe-de-l'Île","Quebec","Bloc Québécois","2015-10-19 0:00","2019-10-20 23:59","01-Feb-59","62","Baby Boomer","Baby Boomer","Baby Boomer","M","10/19/2015","NULL"
"27","","Terry","Beech","Burnaby North—Seymour","British Columbia","Liberal","2015-10-19 0:00","2019-10-20 23:59","02-Apr-81","39","Millennial","Millennial","Millennial","M","10/19/2015","NULL"
"28","Hon.","Mauril","Bélanger","Ottawa—Vanier","Ontario","Liberal","2015-10-19 0:00","2016-08-15 23:59",NA,NA,NA,NA,NA,NA,NA,"(1955-06-15)June 15, 1955Mattawa, Ontario, Canada"
"29","","Rachel","Bendayan","Outremont","Quebec","Liberal","2019-02-25 0:00","2019-10-20 23:59","1978/1979","40","","Millennial","","F","2/25/2019","NULL"
"30","Hon.","Carolyn","Bennett","Toronto—St. Paul's","Ontario","Liberal","2015-10-19 0:00","2019-10-20 23:59","20-Dec-50","70","Baby Boomer","Baby Boomer","Baby Boomer","F","10/19/2015","NULL"
"31","","Sheri","Benson","Saskatoon West","Saskatchewan","NDP","2015-10-19 0:00","2019-10-20 23:59","confirmed","confirmed","Generation X","Generation X","Generation X","F","10/19/2015 ","NULL"
"32","","Bob","Benzen","Calgary Heritage","Alberta","Conservative","2017-04-03 0:00","2019-10-20 23:59","03-Mar-59","61","Generation X","Baby Boomer","Baby Boomer","M","4/3/2017","NULL"
"33","Hon.","Candice","Bergen","Portage—Lisgar","Manitoba","Conservative","2015-10-19 0:00","2019-10-20 23:59","28-Sep-64","56","Generation X","Generation X","Generation X","F","10/19/2015","NULL"
"34","Hon.","Maxime","Bernier","Beauce","Quebec","People's Party","2015-10-19 0:00","2019-10-20 23:59","18-Jan-63","58","Generation X","Generation X","Generation X","M","10/19/2015","NULL"
"35","","Luc","Berthold","Mégantic—L'Érable","Quebec","Conservative","2015-10-19 0:00","2019-10-20 23:59","estimate","estimate","Baby Boomer","Baby Boomer","Baby Boomer","M","10/19/2015","NULL"
"36","","James","Bezan","Selkirk—Interlake—Eastman","Manitoba","Conservative","2015-10-19 0:00","2019-10-20 23:59","19-May-65","55","Generation X","Generation X","Generation X","M","10/19/2015","NULL"
"37","Hon.","Marie-Claude","Bibeau","Compton—Stanstead","Quebec","Liberal","2015-10-19 0:00","2019-10-20 23:59","04-Apr-70","50","Generation X","Generation X","Generation X","F","10/19/2015 ","NULL"
"38","","Chris","Bittle","St. Catharines","Ontario","Liberal","2015-10-19 0:00","2019-10-20 23:59","17-Feb-79","42","Millennial","Generation X","Generation X","M","10/19/2015","NULL"
"39","","Daniel","Blaikie","Elmwood—Transcona","Manitoba","NDP","2015-10-19 0:00","2019-10-20 23:59","1984","34","Millennial","Millennial","Millennial","M","10/19/2015","NULL"
"40","Hon.","Bill","Blair","Scarborough Southwest","Ontario","Liberal","2015-10-19 0:00","2019-10-20 23:59","1954","64","Baby Boomer","Baby Boomer","Baby Boomer","M","10/19/2015","NULL"
"41","","Rachel","Blaney","North Island—Powell River","British Columbia","NDP","2015-10-19 0:00","2019-10-20 23:59","1974","44","Millennial","Generation X","Generation X","F","10/19/2015","NULL"
"42","Hon.","Steven","Blaney","Bellechasse—Les Etchemins—Lévis","Quebec","Conservative","2015-10-19 0:00","2019-10-20 23:59","08-Apr-65","55","Generation X","Generation X","Generation X","M","10/19/2015","NULL"
"43","","Kelly","Block","Carlton Trail—Eagle Creek","Saskatchewan","Conservative","2015-10-19 0:00","2019-10-20 23:59","30-Nov-61","59","Generation X","Generation X","Generation X","F","10/19/2015 ","NULL"
"44","","Randy","Boissonnault","Edmonton Centre","Alberta","Liberal","2015-10-19 0:00","2019-10-20 23:59","14-Jul-70","50","Generation X","Generation X","Generation X","M","10/19/2015","NULL"
"45","","Mike","Bossio","Hastings—Lennox and Addington","Ontario","Liberal","2015-10-19 0:00","2019-10-20 23:59","estimate","estimate","Baby Boomer","Baby Boomer","Baby Boomer","M","10/19/2015","NULL"
"46","","Sylvie","Boucher","Beauport—Côte-de-Beaupré—Île d'Orléans—Charlevoix","Quebec","Conservative","2015-10-19 0:00","2019-10-20 23:59","18-Dec-62","58","Generation X","Generation X","Generation X","F","10/19/2015 ","NULL"
"47","","Michel","Boudrias","Terrebonne","Quebec","Bloc Québécois","2015-10-19 0:00","2019-10-20 23:59","1977","41","Millennial","Millennial","Generation X","M","10/19/2015","NULL"
"48","","Alexandre","Boulerice","Rosemont—La Petite-Patrie","Quebec","NDP","2015-10-19 0:00","2019-10-20 23:59","18-Jun-73","47","Generation X","Generation X","Generation X","M","10/19/2015","NULL"
"49","","Marjolaine","Boutin-Sweet","Hochelaga","Quebec","NDP","2015-10-19 0:00","2019-10-20 23:59","03-Oct-55","65","Baby Boomer","Baby Boomer","Baby Boomer","F","10/19/2015","NULL"
"50","","John","Brassard","Barrie—Innisfil","Ontario","Conservative","2015-10-19 0:00","2019-10-20 23:59","11-May-64","56","Generation X","Generation X","Generation X","M","10/19/2015","NULL"
"51","","Bob","Bratina","Hamilton East—Stoney Creek","Ontario","Liberal","2015-10-19 0:00","2019-10-20 23:59","1944","74","Baby Boomer","Baby Boomer","Baby Boomer","M","10/19/2015","NULL"
"52","","Pierre","Breton","Shefford","Quebec","Liberal","2015-10-19 0:00","2019-10-20 23:59","03-Oct-66","54","Generation X","Generation X","Generation X","M","10/19/2015 ","NULL"
"53","Hon.","Scott","Brison","Kings—Hants","Nova Scotia","Liberal","2015-10-19 0:00","2019-02-10 23:59",NA,NA,NA,NA,NA,NA,NA,"(1967-05-10) May 10, 1967 (age 53)Windsor, Nova Scotia, Canada"
"54","","Ruth Ellen","Brosseau","Berthier—Maskinongé","Quebec","NDP","2015-10-19 0:00","2019-10-20 23:59","26-Apr-84","36","Millennial","Millennial","Millennial","F","10/19/2015 ","NULL"
"55","","Gordon","Brown","Leeds—Grenville—Thousand Islands and Rideau Lakes","Ontario","Conservative","2015-10-19 0:00","2018-05-02 23:59",NA,NA,NA,NA,NA,NA,NA,""
"56","","Celina","Caesar-Chavannes","Whitby","Ontario","Independent","2015-10-19 0:00","2019-10-20 23:59",NA,NA,NA,NA,NA,NA,NA,"(1974-06-24) June 24, 1974 (age 46)Pomme Rose, St. David's, Grenada"
"57","","Blaine","Calkins","Red Deer—Lacombe","Alberta","Conservative","2015-10-19 0:00","2019-10-20 23:59","25-Dec-68","52","Generation X","Generation X","Generation X","M","10/19/2015","NULL"
"58","","Richard","Cannings","South Okanagan—West Kootenay","British Columbia","NDP","2015-10-19 0:00","2019-10-20 23:59","31-Mar-54","66","Baby Boomer","Baby Boomer","Baby Boomer","M","10/19/2015","NULL"
"59","","Guy","Caron","Rimouski-Neigette—Témiscouata—Les Basques","Quebec","NDP","2015-10-19 0:00","2019-10-20 23:59","13-May-68","52","Generation X","Generation X","Generation X","M","10/19/2015","NULL"
"60","Hon.","Jim","Carr","Winnipeg South Centre","Manitoba","Liberal","2015-10-19 0:00","2019-10-20 23:59","11-Oct-51","69","Baby Boomer","Baby Boomer","Baby Boomer","M","10/19/2015","NULL"
"61","","Colin","Carrie","Oshawa","Ontario","Conservative","2015-10-19 0:00","2019-10-20 23:59","11-Apr-62","58","Generation X","Generation X","Generation X","M","10/19/2015","NULL"
"62","","Bill","Casey","Cumberland—Colchester","Nova Scotia","Liberal","2015-10-19 0:00","2019-10-20 23:59","19-Feb-45","76","Baby Boomer","Baby Boomer","Baby Boomer","M","10/19/2015","NULL"
"63","","Sean","Casey","Charlottetown","Prince Edward Island","Liberal","2015-10-19 0:00","2019-10-20 23:59","16-May-63","57","Generation X","Generation X","Generation X","M","10/19/2015","NULL"
"64","Hon.","Bardish","Chagger","Waterloo","Ontario","Liberal","2015-10-19 0:00","2019-10-20 23:59","06-Apr-80","40","Millennial","Millennial","Generation X","F","10/19/2015","NULL"
"65","Hon.","François-Philippe","Champagne","Saint-Maurice—Champlain","Quebec","Liberal","2015-10-19 0:00","2019-10-20 23:59","25-Jun-70","50","Generation X","Generation X","Generation X","M","10/19/2015 ","NULL"
"66","","Arnold","Chan","Scarborough—Agincourt","Ontario","Liberal","2015-10-19 0:00","2017-09-14 12:00",NA,NA,NA,NA,NA,NA,NA,"(1967-06-10)June 10, 1967Scarborough, Ontario"
"67","","Shaun","Chen","Scarborough North","Ontario","Liberal","2015-10-19 0:00","2019-10-20 23:59","18-Sep-80","40","Millennial","Millennial","Generation X","M","10/19/2015 ","NULL"
"68","Hon.","Michael","Chong","Wellington—Halton Hills","Ontario","Conservative","2015-10-19 0:00","2019-10-20 23:59","22-Nov-71","49","Generation X","Generation X","Generation X","M","10/19/2015","NULL"
"69","","François","Choquette","Drummond","Quebec","NDP","2015-10-19 0:00","2019-10-20 23:59","03-Jan-74","47","Generation X","Generation X","Generation X","M","10/19/2015","NULL"
"70","","David","Christopherson","Hamilton Centre","Ontario","NDP","2015-10-19 0:00","2019-10-20 23:59","05-Oct-54","66","Baby Boomer","Baby Boomer","Baby Boomer","M","10/19/2015","NULL"
"71","","Alupa","Clarke","Beauport—Limoilou","Quebec","Conservative","2015-10-19 0:00","2019-10-20 23:59","1986","32","Millennial","Millennial","Millennial","M","10/19/2015 ","NULL"
"72","Hon.","Tony","Clement","Parry Sound—Muskoka","Ontario","Independent","2015-10-19 0:00","2019-10-20 23:59","27-Jan-61","60","Generation X","Generation X","Baby Boomer","M","10/19/2015","NULL"
"73","","Michael","Cooper","St. Albert—Edmonton","Alberta","Conservative","2015-10-19 0:00","2019-10-20 23:59","1983/1984","35","Millennial","Millennial","Millennial","M","10/19/2015","NULL"
"74","","Serge","Cormier","Acadie—Bathurst","New Brunswick","Liberal","2015-10-19 0:00","2019-10-20 23:59","1975","43","Millennial","Generation X","Generation X","M","10/19/2015","NULL"
"75","","Nathan","Cullen","Skeena—Bulkley Valley","British Columbia","NDP","2015-10-19 0:00","2019-10-20 23:59","13-Jul-72","48","Generation X","Generation X","Generation X","M","10/19/2015","NULL"
"76","","Rodger","Cuzner","Cape Breton—Canso","Nova Scotia","Liberal","2015-10-19 0:00","2019-10-20 23:59","04-Nov-55","65","Baby Boomer","Baby Boomer","Baby Boomer","M","10/19/2015","NULL"
"77","","Julie","Dabrusin","Toronto—Danforth","Ontario","Liberal","2015-10-19 0:00","2019-10-20 23:59","16-Apr-71","49","Generation X","Generation X","Generation X","F","10/19/2015","NULL"
"78","","Pam","Damoff","Oakville North—Burlington","Ontario","Liberal","2015-10-19 0:00","2019-10-20 23:59","1971","47","Generation X","Generation X","Generation X","F","10/19/2015","NULL"
"79","","Scot","Davidson","York—Simcoe","Ontario","Conservative","2019-02-25 0:00","2019-10-20 23:59","estimate","estimate","Generation X","Generation X","","M","2/25/2019","NULL"
"80","","Don","Davies","Vancouver Kingsway","British Columbia","NDP","2015-10-19 0:00","2019-10-20 23:59","16-Jan-63","58","Generation X","Generation X","Generation X","M","10/19/2015","NULL"
"81","","Matt","DeCourcey","Fredericton","New Brunswick","Liberal","2015-10-19 0:00","2019-10-20 23:59","04-Apr-83","37","Millennial","Millennial","Millennial","M","10/19/2015","NULL"
"82","","Gérard","Deltell","Louis-Saint-Laurent","Quebec","Conservative","2015-10-19 0:00","2019-10-20 23:59","08-Aug-64","56","Generation X","Generation X","Generation X","M","10/19/2015 ","NULL"
"83","","Sukh","Dhaliwal","Surrey—Newton","British Columbia","Liberal","2015-10-19 0:00","2019-10-20 23:59","01-Oct-60","60","Generation X","Generation X","Baby Boomer","M","10/19/2015","NULL"
"84","","Anju","Dhillon","Dorval—Lachine—LaSalle","Quebec","Liberal","2015-10-19 0:00","2019-10-20 23:59","1979","39","Millennial","Millennial","Millennial","F","10/19/2015","NULL"
"85","","Nicola","Di Iorio","Saint-Léonard—Saint-Michel","Quebec","Liberal","2015-10-19 0:00","2019-01-29 23:59",NA,NA,NA,NA,NA,NA,NA,"(1958-03-13) March 13, 1958 (age 62)"
"86","Hon.","Stéphane","Dion","Saint-Laurent","Quebec","Liberal","2015-10-19 0:00","2017-02-06 23:59",NA,NA,NA,NA,NA,NA,NA,"Stéphane Maurice Dion (1955-09-28) 28 September 1955 (age 65)Quebec City, Quebec, Canada"
"87","","Kerry","Diotte","Edmonton Griesbach","Alberta","Conservative","2015-10-19 0:00","2019-10-20 23:59","26-Feb-56","64","Baby Boomer","Baby Boomer","Baby Boomer","M","10/19/2015","NULL"
"88","","Todd","Doherty","Cariboo—Prince George","British Columbia","Conservative","2015-10-19 0:00","2019-10-20 23:59","estimate","estimate","Generation X","Generation X","Generation X","M","10/19/2015","NULL"
"89","","Fin","Donnelly","Port Moody—Coquitlam","British Columbia","NDP","2015-10-19 0:00","2019-10-20 23:59","27-May-66","54","Generation X","Generation X","Generation X","M","10/19/2015","NULL"
"90","","Earl","Dreeshen","Red Deer—Mountain View","Alberta","Conservative","2015-10-19 0:00","2019-10-20 23:59","09-Jul-53","67","Baby Boomer","Baby Boomer","Baby Boomer","M","10/19/2015","NULL"
"91","","Francis","Drouin","Glengarry—Prescott—Russell","Ontario","Liberal","2015-10-19 0:00","2019-10-20 23:59","07-Oct-83","37","Millennial","Millennial","Millennial","M","10/19/2015","NULL"
"92","","Matthew","Dubé","Beloeil—Chambly","Quebec","NDP","2015-10-19 0:00","2019-10-20 23:59","03-May-88","32","Millennial","Millennial","Millennial","M","10/19/2015 ","NULL"
"93","","Emmanuel","Dubourg","Bourassa","Quebec","Liberal","2015-10-19 0:00","2019-10-20 23:59","26-Dec-58","62","Baby Boomer","Baby Boomer","Baby Boomer","M","10/19/2015","NULL"
"94","Hon.","Jean-Yves","Duclos","Québec","Quebec","Liberal","2015-10-19 0:00","2019-10-20 23:59","1965","53","Generation X","Generation X","Generation X","M","10/19/2015","NULL"
"95","","Terry","Duguid","Winnipeg South","Manitoba","Liberal","2015-10-19 0:00","2019-10-20 23:59","1954/1955","64","Baby Boomer","Baby Boomer","Baby Boomer","M","10/19/2015","NULL"
"96","Hon.","Kirsty","Duncan","Etobicoke North","Ontario","Liberal","2015-10-19 0:00","2019-10-20 23:59","31-Oct-66","54","Generation X","Generation X","Generation X","F","10/19/2015","NULL"
"97","","Linda","Duncan","Edmonton Strathcona","Alberta","NDP","2015-10-19 0:00","2019-10-20 23:59","25-Jun-49","71","Baby Boomer","Baby Boomer","Baby Boomer","F","10/19/2015","NULL"
"98","","Pierre-Luc","Dusseault","Sherbrooke","Quebec","NDP","2015-10-19 0:00","2019-10-20 23:59","31-May-91","29","Millennial","Millennial","Millennial","M","10/19/2015 ","NULL"
"99","","Scott","Duvall","Hamilton Mountain","Ontario","NDP","2015-10-19 0:00","2019-10-20 23:59","confirmed","confirmed","Baby Boomer","Baby Boomer","Baby Boomer","M","10/19/2015 ","NULL"
"100","","Julie","Dzerowicz","Davenport","Ontario","Liberal","2015-10-19 0:00","2019-10-20 23:59","1970","48","Generation X","Generation X","Generation X","F","10/19/2015","NULL"
"101","Hon.","Wayne","Easter","Malpeque","Prince Edward Island","Liberal","2015-10-19 0:00","2019-10-20 23:59","22-Jun-49","71","Baby Boomer","Baby Boomer","Baby Boomer","M","10/19/2015","NULL"
"102","","Jim","Eglinski","Yellowhead","Alberta","Conservative","2015-10-19 0:00","2019-10-20 23:59","15-Dec-48","72","Baby Boomer","Baby Boomer","Baby Boomer","M","10/19/2015","NULL"
"103","","Ali","Ehsassi","Willowdale","Ontario","Liberal","2015-10-19 0:00","2019-10-20 23:59","24-Apr-70","50","Generation X","Generation X","Generation X","M","10/19/2015","NULL"
"104","","Fayçal","El-Khoury","Laval—Les Îles","Quebec","Liberal","2015-10-19 0:00","2019-10-20 23:59","15-May-55","65","Baby Boomer","Baby Boomer","Baby Boomer","M","10/19/2015","NULL"
"105","","Neil","Ellis","Bay of Quinte","Ontario","Liberal","2015-10-19 0:00","2019-10-20 23:59","1961/1962","57","Generation X","Generation X","Generation X","M","10/19/2015","NULL"
"106","","Nathaniel","Erskine-Smith","Beaches—East York","Ontario","Liberal","2015-10-19 0:00","2019-10-20 23:59","15-Jun-84","36","Millennial","Millennial","Millennial","M","10/19/2015","NULL"
"107","Hon.","Mark","Eyking","Sydney—Victoria","Nova Scotia","Liberal","2015-10-19 0:00","2019-10-20 23:59","30-Aug-60","60","Generation X","Generation X","Baby Boomer","M","10/19/2015","NULL"
"108","","Doug","Eyolfson","Charleswood—St. James—Assiniboia—Headingley","Manitoba","Liberal","2015-10-19 0:00","2019-10-20 23:59","1963","55","Generation X","Generation X","Generation X","M","10/19/2015","NULL"
"109","","Rosemarie","Falk","Battlefords—Lloydminster","Saskatchewan","Conservative","2017-12-11 0:00","2019-10-20 23:59","1988","30","Millennial","Millennial","Millennial","F","10/19/2015 ","NULL"
"110","","Ted","Falk","Provencher","Manitoba","Conservative","2015-10-19 0:00","2019-10-20 23:59","23-May-60","60","Generation X","Generation X","Baby Boomer","M","10/19/2015","NULL"
"111","Hon.","Ed","Fast","Abbotsford","British Columbia","Conservative","2015-10-19 0:00","2019-10-20 23:59","18-Jun-55","65","Baby Boomer","Baby Boomer","Baby Boomer","M","10/19/2015","NULL"
"112","","Greg","Fergus","Hull—Aylmer","Quebec","Liberal","2015-10-19 0:00","2019-10-20 23:59","31-May-69","51","Generation X","Generation X","Generation X","M","10/19/2015 ","NULL"
"113","","Andy","Fillmore","Halifax","Nova Scotia","Liberal","2015-10-19 0:00","2019-10-20 23:59","25-Apr-66","54","Generation X","Generation X","Generation X","M","10/19/2015","NULL"
"114","Hon.","Diane","Finley","Haldimand—Norfolk","Ontario","Conservative","2015-10-19 0:00","2019-10-20 23:59","03-Oct-57","63","Baby Boomer","Baby Boomer","Baby Boomer","F","10/19/2015","NULL"
"115","","Pat","Finnigan","Miramichi—Grand Lake","New Brunswick","Liberal","2015-10-19 0:00","2019-10-20 23:59","1955","64","Baby Boomer","Baby Boomer","Baby Boomer","M","10/19/2015","NULL"
"116","","Darren","Fisher","Dartmouth—Cole Harbour","Nova Scotia","Liberal","2015-10-19 0:00","2019-10-20 23:59","10-Sep-65","55","Generation X","Generation X","Generation X","M","10/19/2015","NULL"
"117","","Peter","Fonseca","Mississauga East—Cooksville","Ontario","Liberal","2015-10-19 0:00","2019-10-20 23:59","05-Oct-66","54","Generation X","Generation X","Generation X","M","10/19/2015","NULL"
"118","Hon.","Judy","Foote","Bonavista—Burin—Trinity","Newfoundland and Labrador","Liberal","2015-10-19 0:00","2017-09-30 23:59",NA,NA,NA,NA,NA,NA,NA,"Judy May Crowley[1] (1952-06-23) June 23, 1952 (age 68)Grand Bank, Newfoundland and Labrador, Canada"
"119","","Mona","Fortier","Ottawa—Vanier","Ontario","Liberal","2017-04-03 0:00","2019-10-20 23:59","estimate","estimate","Generation X","Generation X","Generation X","F","4/3/2017","NULL"
"120","","Rhéal","Fortin","Rivière-du-Nord","Quebec","Bloc Québécois","2015-10-19 0:00","2019-10-20 23:59","estimate","estimate","Generation X","Generation X","Generation X","M","10/19/2015","NULL"
"121","","Peter","Fragiskatos","London North Centre","Ontario","Liberal","2015-10-19 0:00","2019-10-20 23:59","30-Apr-81","39","Millennial","Millennial","Millennial","M","10/19/2015","NULL"
"122","","Colin","Fraser","West Nova","Nova Scotia","Liberal","2015-10-19 0:00","2019-10-20 23:59","27-Jul-78","42","Millennial","Generation X","Generation X","M","10/19/2015","NULL"
"123","","Sean","Fraser","Central Nova","Nova Scotia","Liberal","2015-10-19 0:00","2019-10-20 23:59","01-Jun-84","36","Millennial","Millennial","Millennial","M","10/19/2015","NULL"
"124","Hon.","Chrystia","Freeland","University—Rosedale","Ontario","Liberal","2015-10-19 0:00","2019-10-20 23:59","02-Aug-68","52","Generation X","Generation X","Generation X","F","10/19/2015","NULL"
"125","Hon.","Hedy","Fry","Vancouver Centre","British Columbia","Liberal","2015-10-19 0:00","2019-10-20 23:59","06-Aug-41","79","Baby Boomer","Baby Boomer","Baby Boomer","F","10/19/2015","NULL"
"126","","Stephen","Fuhr","Kelowna—Lake Country","British Columbia","Liberal","2015-10-19 0:00","2019-10-20 23:59","27-May-69","51","Generation X","Generation X","Generation X","M","10/19/2015","NULL"
"127","","Cheryl","Gallant","Renfrew—Nipissing—Pembroke","Ontario","Conservative","2015-10-19 0:00","2019-10-20 23:59","23-May-60","60","Generation X","Generation X","Baby Boomer","F","10/19/2015","NULL"
"128","Hon.","Marc","Garneau","Notre-Dame-de-Grâce—Westmount","Quebec","Liberal","2015-10-19 0:00","2019-10-20 23:59","23-Feb-49","71","Baby Boomer","Baby Boomer","Baby Boomer","M","10/19/2015","NULL"
"129","","Randall","Garrison","Esquimalt—Saanich—Sooke","British Columbia","NDP","2015-10-19 0:00","2019-10-20 23:59","27-Aug-51","69","Baby Boomer","Baby Boomer","Baby Boomer","M","10/19/2015","NULL"
"130","","Bernard","Généreux","Montmagny—L'Islet—Kamouraska—Rivière-du-Loup","Quebec","Conservative","2015-10-19 0:00","2019-10-20 23:59","23-Apr-62","58","Generation X","Generation X","Generation X","M","10/19/2015","NULL"
"131","","Garnett","Genuis","Sherwood Park—Fort Saskatchewan","Alberta","Conservative","2015-10-19 0:00","2019-10-20 23:59","1987","31","Millennial","Millennial","Millennial","M","10/19/2015","NULL"
"132","","Mark","Gerretsen","Kingston and the Islands","Ontario","Liberal","2015-10-19 0:00","2019-10-20 23:59","05-Jun-75","45","Generation X","Generation X","Generation X","M","10/19/2015","NULL"
"133","","Marilène","Gill","Manicouagan","Quebec","Bloc Québécois","2015-10-19 0:00","2019-10-20 23:59","1977","41","Millennial","Millennial","Generation X","F","10/19/2015","NULL"
"134","","Marilyn","Gladu","Sarnia—Lambton","Ontario","Conservative","2015-10-19 0:00","2019-10-20 23:59","1961/1962 ","57","Generation X","Generation X","Generation X","F","10/19/2015","NULL"
"135","","Joël","Godin","Portneuf—Jacques-Cartier","Quebec","Conservative","2015-10-19 0:00","2019-10-20 23:59","14-Mar-65","55","Generation X","Generation X","Generation X","M","10/19/2015","NULL"
"136","","Pamela","Goldsmith-Jones","West Vancouver—Sunshine Coast—Sea to Sky Country","British Columbia","Liberal","2015-10-19 0:00","2019-10-20 23:59","1961","57","Generation X","Generation X","Generation X","F","10/19/2015","NULL"
"137","Hon.","Ralph","Goodale","Regina—Wascana","Saskatchewan","Liberal","2015-10-19 0:00","2019-10-20 23:59","05-Oct-49","71","Baby Boomer","Baby Boomer","Baby Boomer","M","10/19/2015 ","NULL"
"138","Hon.","Karina","Gould","Burlington","Ontario","Liberal","2015-10-19 0:00","2019-10-20 23:59","28-Jun-87","33","Millennial","Millennial","Millennial","F","10/19/2015","NULL"
"139","","Jacques","Gourde","Lévis—Lotbinière","Quebec","Conservative","2015-10-19 0:00","2019-10-20 23:59","13-Jan-64","57","Generation X","Generation X","Generation X","M","10/19/2015","NULL"
"140","","David de Burgh","Graham","Laurentides—Labelle","Quebec","Liberal","2015-10-19 0:00","2019-10-20 23:59","29-Jul-81","39","Millennial","Millennial","Millennial","M","10/19/2015 ","NULL"
"141","","Raj","Grewal","Brampton East","Ontario","Independent","2015-10-19 0:00","2019-10-20 23:59","11-Sep-85","35","Millennial","Millennial","Millennial","M","10/19/2015","NULL"
"142","Hon.","Patty","Hajdu","Thunder Bay—Superior North","Ontario","Liberal","2015-10-19 0:00","2019-10-20 23:59","03-Nov-66","54","Generation X","Generation X","Generation X","F","10/19/2015","NULL"
"143","","Cheryl","Hardcastle","Windsor—Tecumseh","Ontario","NDP","2015-10-19 0:00","2019-10-20 23:59","20-Nov-61","59","Generation X","Generation X","Generation X","F","10/19/2015","NULL"
"144","","Rachael","Harder","Lethbridge","Alberta","Conservative","2015-10-19 0:00","2019-10-20 23:59","1986","32","Millennial","Millennial","Millennial","F","10/19/2015","NULL"
"145","","Ken","Hardie","Fleetwood—Port Kells","British Columbia","Liberal","2015-10-19 0:00","2019-10-20 23:59","1947","71","Baby Boomer","Baby Boomer","Baby Boomer","M","10/19/2015","NULL"
"146","Right Hon.","Stephen","Harper","Calgary Heritage","Alberta","Conservative","2015-10-19 0:00","2016-08-26 23:59",NA,NA,NA,NA,NA,NA,NA,""
"147","","T.J.","Harvey","Tobique—Mactaquac","New Brunswick","Liberal","2015-10-19 0:00","2019-10-20 23:59","23-Aug-82","38","Millennial","Millennial","Millennial","M","10/19/2015","NULL"
"148","","Richard","Hébert","Lac-Saint-Jean","Quebec","Liberal","2017-10-23 0:00","2019-10-20 23:59","estimate","estimate","Baby Boomer","Baby Boomer","Baby Boomer","M","10/23/2017","NULL"
"149","Hon.","Kent","Hehr","Calgary Centre","Alberta","Liberal","2015-10-19 0:00","2019-10-20 23:59","16-Dec-69","51","Generation X","Generation X","Generation X","M","10/19/2015","NULL"
"150","","Jim","Hillyer","Medicine Hat—Cardston—Warner","Alberta","Conservative","2015-10-19 0:00","2016-03-23 23:59",NA,NA,NA,NA,NA,NA,NA,""
"151","","Randy","Hoback","Prince Albert","Saskatchewan","Conservative","2015-10-19 0:00","2019-10-20 23:59","19-Dec-67","53","Generation X","Generation X","Generation X","M","10/19/2015","NULL"
"152","","Gordie","Hogg","South Surrey—White Rock","British Columbia","Liberal","2017-12-11 0:00","2019-10-20 23:59","24-Aug-46","74","Baby Boomer","Baby Boomer","Baby Boomer","M","12/11/2017","NULL"
"153","Hon.","Mark","Holland","Ajax","Ontario","Liberal","2015-10-19 0:00","2019-10-20 23:59","16-Oct-74","46","Generation X","Generation X","Generation X","M","10/19/2015","NULL"
"154","","Anthony","Housefather","Mount Royal","Quebec","Liberal","2015-10-19 0:00","2019-10-20 23:59","25-Jan-71","50","Generation X","Generation X","Generation X","M","10/19/2015","NULL"
"155","","Carol","Hughes","Algoma—Manitoulin—Kapuskasing","Ontario","NDP","2015-10-19 0:00","2019-10-20 23:59","26-Nov-58","62","Baby Boomer","Baby Boomer","Baby Boomer","F","10/19/2015","NULL"
"156","Hon.","Ahmed","Hussen","York South—Weston","Ontario","Liberal","2015-10-19 0:00","2019-10-20 23:59","1976","42","Millennial","Generation X","Generation X","M","10/19/2015","NULL"
"157","","Gudie","Hutchings","Long Range Mountains","Newfoundland and Labrador","Liberal","2015-10-19 0:00","2019-10-20 23:59","01-Sep-59","61","Generation X","Baby Boomer","Baby Boomer","F","10/19/2015","NULL"
"158","","Angelo","Iacono","Alfred-Pellan","Quebec","Liberal","2015-10-19 0:00","2019-10-20 23:59","confirmed","confirmed","Generation X","Generation X","Generation X","M","10/19/2015","NULL"
"159","","Matt","Jeneroux","Edmonton Riverbend","Alberta","Conservative","2015-10-19 0:00","2019-10-20 23:59","1981/1982","37","Millennial","Millennial","Millennial","M","10/19/2015","NULL"
"160","","Gord","Johns","Courtenay—Alberni","British Columbia","NDP","2015-10-19 0:00","2019-10-20 23:59","29-Nov-69","51","Generation X","Generation X","Generation X","M","10/19/2015","NULL"
"161","","Georgina","Jolibois","Desnethé—Missinippi—Churchill River","Saskatchewan","NDP","2015-10-19 0:00","2019-10-20 23:59","1968","50","Generation X","Generation X","Generation X","F","10/19/2015","NULL"
"162","Hon.","Mélanie","Joly","Ahuntsic-Cartierville","Quebec","Liberal","2015-10-19 0:00","2019-10-20 23:59","16-Jan-79","42","Millennial","Generation X","Generation X","F","10/19/2015 ","NULL"
"163","","Yvonne","Jones","Labrador","Newfoundland and Labrador","Liberal","2015-10-19 0:00","2019-10-20 23:59","15-Mar-68","52","Generation X","Generation X","Generation X","F","10/19/2015","NULL"
"164","Hon.","Bernadette","Jordan","South Shore—St. Margarets","Nova Scotia","Liberal","2015-10-19 0:00","2019-10-20 23:59",NA,NA,NA,NA,NA,NA,NA,"(1963-04-07) April 7, 1963 (age 57)Montreal, Quebec, Canada"
"165","","Majid","Jowhari","Richmond Hill","Ontario","Liberal","2015-10-19 0:00","2019-10-20 23:59","24-Oct-60","60","Generation X","Generation X","Baby Boomer","M","10/19/2015","NULL"
"166","","Peter","Julian","New Westminster—Burnaby","British Columbia","NDP","2015-10-19 0:00","2019-10-20 23:59","16-Apr-62","58","Generation X","Generation X","Generation X","M","10/19/2015","NULL"
"167","","Darshan Singh","Kang","Calgary Skyview","Alberta","Independent","2015-10-19 0:00","2019-10-20 23:59","1951","67","Baby Boomer","Baby Boomer","Baby Boomer","M","10/19/2015","NULL"
"168","","Pat","Kelly","Calgary Rocky Ridge","Alberta","Conservative","2015-10-19 0:00","2019-10-20 23:59","1970/1971","48","Generation X","Generation X","Generation X","M","10/19/2015","NULL"
"169","Hon.","Jason","Kenney","Calgary Midnapore","Alberta","Conservative","2015-10-19 0:00","2016-09-23 23:59",NA,NA,NA,NA,NA,NA,NA,""
"170","Hon.","Peter","Kent","Thornhill","Ontario","Conservative","2015-10-19 0:00","2019-10-20 23:59","27-Jul-43","77","Baby Boomer","Baby Boomer","Baby Boomer","M","10/19/2015","NULL"
"171","","Iqra","Khalid","Mississauga—Erin Mills","Ontario","Liberal","2015-10-19 0:00","2019-10-20 23:59","1986","32","Millennial","Millennial","Millennial","F","10/19/2015","NULL"
"172","","Kamal","Khera","Brampton West","Ontario","Liberal","2015-10-19 0:00","2019-10-20 23:59","1988/1989","30","Millennial","Millennial","Millennial","F","10/19/2015","NULL"
"173","","Robert","Kitchen","Souris—Moose Mountain","Saskatchewan","Conservative","2015-10-19 0:00","2019-10-20 23:59","estimate","estimate","Baby Boomer","Baby Boomer","Baby Boomer","M","10/19/2015 ","NULL"
"174","","Tom","Kmiec","Calgary Shepard","Alberta","Conservative","2015-10-19 0:00","2019-10-20 23:59","31-Jul-81","39","Millennial","Millennial","Millennial","M","10/19/2015","NULL"
"175","","Stephanie","Kusie","Calgary Midnapore","Alberta","Conservative","2017-04-03 0:00","2019-10-20 23:59","1972/1973","46","Generation X","Generation X","Generation X","F","4/3/2017","NULL"
"176","","Jenny","Kwan","Vancouver East","British Columbia","NDP","2015-10-19 0:00","2019-10-20 23:59","1967","51","Generation X","Generation X","Generation X","F","10/19/2015","NULL"
"177","Hon.","Mike","Lake","Edmonton—Wetaskiwin","Alberta","Conservative","2015-10-19 0:00","2019-10-20 23:59","04-Jun-69","51","Generation X","Generation X","Generation X","M","10/19/2015","NULL"
"178","","Emmanuella","Lambropoulos","Saint-Laurent","Quebec","Liberal","2017-04-03 0:00","2019-10-20 23:59","Sep-90","28","Millennial","Millennial","Millennial","F","4/3/2017","NULL"
"179","Hon.","David","Lametti","LaSalle—Émard—Verdun","Quebec","Liberal","2015-10-19 0:00","2019-10-20 23:59",NA,NA,NA,NA,NA,NA,NA,"(1962-08-10) August 10, 1962 (age 58)Port Colborne, Ontario, Canada"
"180","","Kevin","Lamoureux","Winnipeg North","Manitoba","Liberal","2015-10-19 0:00","2019-10-20 23:59","22-Jan-62","59","Generation X","Generation X","Generation X","M","10/19/2015","NULL"
"181","","Linda","Lapointe","Rivière-des-Mille-Îles","Quebec","Liberal","2015-10-19 0:00","2019-10-20 23:59","02-Jul-60","60","Generation X","Generation X","Baby Boomer","F","10/19/2015","NULL"
"182","","Guy","Lauzon","Stormont—Dundas—South Glengarry","Ontario","Conservative","2015-10-19 0:00","2019-10-20 23:59","06-Apr-44","76","Baby Boomer","Baby Boomer","Baby Boomer","M","10/19/2015","NULL"
"183","","Stéphane","Lauzon","Argenteuil—La Petite-Nation","Quebec","Liberal","2015-10-19 0:00","2019-10-20 23:59","27-Apr-66","54","Generation X","Generation X","Generation X","M","10/19/2015 ","NULL"
"184","","Hélène","Laverdière","Laurier—Sainte-Marie","Quebec","NDP","2015-10-19 0:00","2019-10-20 23:59","13-Apr-55","65","Baby Boomer","Baby Boomer","Baby Boomer","F","10/19/2015 ","NULL"
"185","Hon.","Denis","Lebel","Lac-Saint-Jean","Quebec","Conservative","2015-10-19 0:00","2017-08-09 10:35",NA,NA,NA,NA,NA,NA,NA,"(1954-05-26) May 26, 1954 (age 66)Roberval, Quebec, Canada"
"186","Hon.","Dominic","LeBlanc","Beauséjour","New Brunswick","Liberal","2015-10-19 0:00","2019-10-20 23:59","14-Dec-67","53","Generation X","Generation X","Generation X","M","10/19/2015","NULL"
"187","Hon.","Diane","Lebouthillier","Gaspésie—Les Îles-de-la-Madeleine","Quebec","Liberal","2015-10-19 0:00","2019-10-20 23:59","05-Feb-59","62","Baby Boomer","Baby Boomer","Baby Boomer","F","10/19/2015","NULL"
"188","","Paul","Lefebvre","Sudbury","Ontario","Liberal","2015-10-19 0:00","2019-10-20 23:59","1974","44","Millennial","Generation X","Generation X","M","10/19/2015","NULL"
"189","Hon.","K. Kellie","Leitch","Simcoe—Grey","Ontario","Conservative","2015-10-19 0:00","2019-10-20 23:59","30-Jul-70","50","Generation X","Generation X","Generation X","F","10/19/2015","NULL"
"190","","Denis","Lemieux","Chicoutimi—Le Fjord","Quebec","Liberal","2015-10-19 0:00","2017-12-01 23:59",NA,NA,NA,NA,NA,NA,NA,"1964 (1964)Chicoutimi, Quebec"
"191","Hon.","Andrew","Leslie","Orléans","Ontario","Liberal","2015-10-19 0:00","2019-10-20 23:59","26-Dec-57","63","Baby Boomer","Baby Boomer","Baby Boomer","M","10/19/2015","NULL"
"192","","Michael","Levitt","York Centre","Ontario","Liberal","2015-10-19 0:00","2019-10-20 23:59","estimate","estimate","Generation X","Generation X","Generation X","M","10/19/2015","NULL"
"193","","Ron","Liepert","Calgary Signal Hill","Alberta","Conservative","2015-10-19 0:00","2019-10-20 23:59","08-Oct-49","71","Baby Boomer","Baby Boomer","Baby Boomer","M","10/19/2015","NULL"
"194","","Joël","Lightbound","Louis-Hébert","Quebec","Liberal","2015-10-19 0:00","2019-10-20 23:59","08-Feb-88","33","Millennial","Millennial","Millennial","M","10/19/2015","NULL"
"195","","Dane","Lloyd","Sturgeon River—Parkland","Alberta","Conservative","2017-10-23 0:00","2019-10-20 23:59","1990/1991","28","Millennial","Millennial","Millennial","M","10/23/2017","NULL"
"196","","Ben","Lobb","Huron—Bruce","Ontario","Conservative","2015-10-19 0:00","2019-10-20 23:59","10-Sep-76","44","Millennial","Generation X","Generation X","M","10/19/2015","NULL"
"197","","Alaina","Lockhart","Fundy Royal","New Brunswick","Liberal","2015-10-19 0:00","2019-10-20 23:59","26-May-74","46","Generation X","Generation X","Generation X","F","10/19/2015","NULL"
"198","","Wayne","Long","Saint John—Rothesay","New Brunswick","Liberal","2015-10-19 0:00","2019-10-20 23:59","1963","55","Generation X","Generation X","Generation X","M","10/19/2015","NULL"
"199","","Lloyd","Longfield","Guelph","Ontario","Liberal","2015-10-19 0:00","2019-10-20 23:59","1956","62","Baby Boomer","Baby Boomer","Baby Boomer","M","10/19/2015","NULL"
"200","","Karen","Ludwig","New Brunswick Southwest","New Brunswick","Liberal","2015-10-19 0:00","2019-10-20 23:59","13-May-64","56","Generation X","Generation X","Generation X","F","10/19/2015","NULL"
"201","","Tom","Lukiwski","Moose Jaw—Lake Centre—Lanigan","Saskatchewan","Conservative","2015-10-19 0:00","2019-10-20 23:59","05-Oct-51","69","Baby Boomer","Baby Boomer","Baby Boomer","M","10/19/2015 ","NULL"
"202","Hon.","Lawrence","MacAulay","Cardigan","Prince Edward Island","Liberal","2015-10-19 0:00","2019-10-20 23:59","09-Sep-46","74","Baby Boomer","Baby Boomer","Baby Boomer","M","10/19/2015","NULL"
"203","","Alistair","MacGregor","Cowichan—Malahat—Langford","British Columbia","NDP","2015-10-19 0:00","2019-10-20 23:59","1979","40","Generation X","Millennial","Generation X","M","10/19/2015","NULL"
"204","","Dave","MacKenzie","Oxford","Ontario","Conservative","2015-10-19 0:00","2019-10-20 23:59","12-Jun-46","74","Baby Boomer","Baby Boomer","Baby Boomer","M","10/19/2015","NULL"
"205","","Steven","MacKinnon","Gatineau","Quebec","Liberal","2015-10-19 0:00","2019-10-20 23:59","28-Sep-66","54","Generation X","Generation X","Generation X","M","10/19/2015 ","NULL"
"206","","Larry","Maguire","Brandon—Souris","Manitoba","Conservative","2015-10-19 0:00","2019-10-20 23:59","01-Jun-49","71","Baby Boomer","Baby Boomer","Baby Boomer","M","10/19/2015","NULL"
"207","","Sheila","Malcolmson","Nanaimo—Ladysmith","British Columbia","NDP","2015-10-19 0:00","2019-01-02 8:58",NA,NA,NA,NA,NA,NA,NA,"(1966-03-26) March 26, 1966 (age 54)"
"208","","James","Maloney","Etobicoke—Lakeshore","Ontario","Liberal","2015-10-19 0:00","2019-10-20 23:59","confirmed","confirmed","Generation X","Generation X","Generation X","M","10/19/2015","NULL"
"209","","Paul","Manly","Nanaimo—Ladysmith","British Columbia","Green Party","2019-05-06 0:00","2019-10-20 23:59",NA,NA,NA,NA,NA,NA,NA,"(1964-04-19) April 19, 1964 (age 56)Port Alice, British Columbia, Canada[1]"
"210","","Simon","Marcil","Mirabel","Quebec","Bloc Québécois","2015-10-19 0:00","2019-10-20 23:59","estimate","estimate","Millennial","Millennial","Millennial","M","10/19/2015 ","NULL"
"211","","Richard","Martel","Chicoutimi—Le Fjord","Quebec","Conservative","2018-06-18 0:00","2019-10-20 23:59","23-Mar-61","59","Generation X","Generation X","Generation X","M","6/18/2018 ","NULL"
"212","","Brian","Masse","Windsor West","Ontario","NDP","2015-10-19 0:00","2019-10-20 23:59","09-Jul-68","52","Generation X","Generation X","Generation X","M","10/19/2015","NULL"
"213","","Rémi","Massé","Avignon—La Mitis—Matane—Matapédia","Quebec","Liberal","2015-10-19 0:00","2019-10-20 23:59","estimate","estimate","Baby Boomer","Baby Boomer","Baby Boomer","M","10/19/2015 ","NULL"
"214","","Irene","Mathyssen","London—Fanshawe","Ontario","NDP","2015-10-19 0:00","2019-10-20 23:59","16-Aug-51","69","Baby Boomer","Baby Boomer","Baby Boomer","F","10/19/2015","NULL"
"215","","Bryan","May","Cambridge","Ontario","Liberal","2015-10-19 0:00","2019-10-20 23:59","19-Sep-74","46","Generation X","Generation X","Generation X","M","10/19/2015","NULL"
"216","","Elizabeth","May","Saanich—Gulf Islands","British Columbia","Green Party","2015-10-19 0:00","2019-10-20 23:59","09-Jun-54","66","Baby Boomer","Baby Boomer","Baby Boomer","F","10/19/2015","NULL"
"217","Hon.","John","McCallum","Markham—Thornhill","Ontario","Liberal","2015-10-19 0:00","2017-02-01 23:59",NA,NA,NA,NA,NA,NA,NA,"(1950-04-09) 9 April 1950 (age 70)Montreal, Quebec, Canada"
"218","","Kelly","McCauley","Edmonton West","Alberta","Conservative","2015-10-19 0:00","2019-10-20 23:59","23-Jun-64","56","Generation X","Generation X","Generation X","M","10/19/2015","NULL"
"219","","Phil","McColeman","Brantford—Brant","Ontario","Conservative","2015-10-19 0:00","2019-10-20 23:59","15-Mar-54","66","Baby Boomer","Baby Boomer","Baby Boomer","M","10/19/2015 ","NULL"
"220","","Karen","McCrimmon","Kanata—Carleton","Ontario","Liberal","2015-10-19 0:00","2019-10-20 23:59","1957","61","Generation X","Baby Boomer","Baby Boomer","F","10/19/2015","NULL"
"221","","Ken","McDonald","Avalon","Newfoundland and Labrador","Liberal","2015-10-19 0:00","2019-10-20 23:59","June 1959","59","Generation X","Generation X","Generation X","M","10/19/2015","NULL"
"222","Hon.","David","McGuinty","Ottawa South","Ontario","Liberal","2015-10-19 0:00","2019-10-20 23:59","25-Feb-60","60","Generation X","Generation X","Baby Boomer","M","10/19/2015","NULL"
"223","Hon.","John","McKay","Scarborough—Guildwood","Ontario","Liberal","2015-10-19 0:00","2019-10-20 23:59","21-Mar-48","72","Baby Boomer","Baby Boomer","Baby Boomer","M","10/19/2015","NULL"
"224","Hon.","Catherine","McKenna","Ottawa Centre","Ontario","Liberal","2015-10-19 0:00","2019-10-20 23:59","05-Aug-71","49","Generation X","Generation X","Generation X","F","10/19/2015","NULL"
"225","","Ron","McKinnon","Coquitlam—Port Coquitlam","British Columbia","Liberal","2015-10-19 0:00","2019-10-20 23:59","08-Aug-51","69","Baby Boomer","Baby Boomer","Baby Boomer","M","10/19/2015","NULL"
"226","","Cathy","McLeod","Kamloops—Thompson—Cariboo","British Columbia","Conservative","2015-10-19 0:00","2019-10-20 23:59","12-Jun-57","63","Baby Boomer","Baby Boomer","Baby Boomer","F","10/19/2015","NULL"
"227","","Michael","McLeod","Northwest Territories","Northwest Territories","Liberal","2015-10-19 0:00","2019-10-20 23:59","06-Sep-59","61","Generation X","Baby Boomer","Baby Boomer","M","10/19/2015","NULL"
"228","","Alexandra","Mendès","Brossard—Saint-Lambert","Quebec","Liberal","2015-10-19 0:00","2019-10-20 23:59","03-Nov-63","57","Generation X","Generation X","Generation X","F","10/19/2015","NULL"
"229","","Marco","Mendicino","Eglinton—Lawrence","Ontario","Liberal","2015-10-19 0:00","2019-10-20 23:59","28-Jul-73","47","Generation X","Generation X","Generation X","M","10/19/2015","NULL"
"230","Hon.","MaryAnn","Mihychuk","Kildonan—St. Paul","Manitoba","Liberal","2015-10-19 0:00","2019-10-20 23:59","27-Feb-55","65","Baby Boomer","Baby Boomer","Baby Boomer","F","10/19/2015","NULL"
"231","","Larry","Miller","Bruce—Grey—Owen Sound","Ontario","Conservative","2015-10-19 0:00","2019-10-20 23:59","21-Jul-56","64","Baby Boomer","Baby Boomer","Baby Boomer","M","10/19/2015","NULL"
"232","","Marc","Miller","Ville-Marie—Le Sud-Ouest—Île-des-Soeurs","Quebec","Liberal","2015-10-19 0:00","2019-10-20 23:59","12-Mar-73","47","Generation X","Generation X","Generation X","M","10/19/2015","NULL"
"233","Hon.","Maryam","Monsef","Peterborough—Kawartha","Ontario","Liberal","2015-10-19 0:00","2019-10-20 23:59","07-Nov-84","36","Millennial","Millennial","Millennial","F","10/19/2015","NULL"
"234","","Christine","Moore","Abitibi—Témiscamingue","Quebec","NDP","2015-10-19 0:00","2019-10-20 23:59","21-Oct-83","37","Millennial","Millennial","Millennial","F","10/19/2015","NULL"
"235","Hon.","Bill","Morneau","Toronto Centre","Ontario","Liberal","2015-10-19 0:00","2019-10-20 23:59","07-Oct-62","58","Generation X","Generation X","Generation X","M","10/19/2015","NULL"
"236","","Robert","Morrissey","Egmont","Prince Edward Island","Liberal","2015-10-19 0:00","2019-10-20 23:59","18-Nov-54","66","Baby Boomer","Baby Boomer","Baby Boomer","M","10/19/2015","NULL"
"237","","Glen","Motz","Medicine Hat—Cardston—Warner","Alberta","Conservative","2016-10-24 0:00","2019-10-20 23:59","1958","60","Generation X","Generation X","Baby Boomer","M","10/24/2016","NULL"
"238","Hon.","Thomas","Mulcair","Outremont","Quebec","NDP","2015-10-19 0:00","2018-08-03 23:59",NA,NA,NA,NA,NA,NA,NA,"Thomas Joseph Mulcair (1954-10-24) October 24, 1954 (age 66)The Ottawa Hospital, Ottawa, Ontario, Canada"
"239","Hon.","Joyce","Murray","Vancouver Quadra","British Columbia","Liberal","2015-10-19 0:00","2019-10-20 23:59",NA,NA,NA,NA,NA,NA,NA,"character(0)"
"240","","Pierre","Nantel","Longueuil—Saint-Hubert","Quebec","Independent","2015-10-19 0:00","2019-10-20 23:59",NA,NA,NA,NA,NA,NA,NA,"(1963-06-10) June 10, 1963 (age 57)Salaberry-de-Valleyfield, Quebec"
"241","","Eva","Nassif","Vimy","Quebec","Liberal","2015-10-19 0:00","2019-10-20 23:59","1964","55","Generation X","Generation X","Generation X","F","10/19/2015","NULL"
"242","","John","Nater","Perth—Wellington","Ontario","Conservative","2015-10-19 0:00","2019-10-20 23:59","1984","34","Millennial","Millennial","Millennial","M","10/19/2015","NULL"
"243","Hon.","Robert","Nault","Kenora","Ontario","Liberal","2015-10-19 0:00","2019-10-20 23:59","09-Nov-55","65","Baby Boomer","Baby Boomer","Baby Boomer","M","10/19/2015","NULL"
"244","Hon.","Mary","Ng","Markham—Thornhill","Ontario","Liberal","2017-04-03 0:00","2019-10-20 23:59","16-Dec-68","52","Generation X","Generation X","Generation X","F","4/3/2017","NULL"
"245","Hon.","Rob","Nicholson","Niagara Falls","Ontario","Conservative","2015-10-19 0:00","2019-10-20 23:59","29-Apr-52","68","Baby Boomer","Baby Boomer","Baby Boomer","M","10/19/2015","NULL"
"246","","Alexander","Nuttall","Barrie—Springwater—Oro-Medonte","Ontario","Conservative","2015-10-19 0:00","2019-10-20 23:59","10-Aug-85","35","Millennial","Millennial","Millennial","M","10/19/2015","NULL"
"247","Hon.","Deepak","Obhrai","Calgary Forest Lawn","Alberta","Conservative","2015-10-19 0:00","2019-08-02 23:59","05-Jul-50","70","Baby Boomer","Baby Boomer","Baby Boomer","M","10/19/2015","NULL"
"248","","Jennifer","O'Connell","Pickering—Uxbridge","Ontario","Liberal","2015-10-19 0:00","2019-10-20 23:59","1983","35","Millennial","Millennial","Millennial","F","10/19/2015","NULL"
"249","","Robert","Oliphant","Don Valley West","Ontario","Liberal","2015-10-19 0:00","2019-10-20 23:59","07-Jun-56","64","Baby Boomer","Baby Boomer","Baby Boomer","M","10/19/2015 ","NULL"
"250","","John","Oliver","Oakville","Ontario","Liberal","2015-10-19 0:00","2019-10-20 23:59","1956","62","Baby Boomer","Baby Boomer","Baby Boomer","M","10/19/2015","NULL"
"251","Hon.","Seamus","O'Regan","St. John's South—Mount Pearl","Newfoundland and Labrador","Liberal","2015-10-19 0:00","2019-10-20 23:59","18-Jan-71","50","Generation X","Generation X","Generation X","M","10/19/2015","NULL"
"252","Hon.","Erin","O'Toole","Durham","Ontario","Conservative","2015-10-19 0:00","2019-10-20 23:59","22-Jan-73","48","Generation X","Generation X","Generation X","M","10/19/2015","NULL"
"253","","Robert-Falcon","Ouellette","Winnipeg Centre","Manitoba","Liberal","2015-10-19 0:00","2019-10-20 23:59","22-Nov-76","44","Millennial","Generation X","Generation X","M","10/19/2015","NULL"
"254","Hon.","Denis","Paradis","Brome—Missisquoi","Quebec","Liberal","2015-10-19 0:00","2019-10-20 23:59","01-Apr-49","71","Baby Boomer","Baby Boomer","Baby Boomer","M","10/19/2015","NULL"
"255","","Pierre","Paul-Hus","Charlesbourg—Haute-Saint-Charles","Quebec","Conservative","2015-10-19 0:00","2019-10-20 23:59","05-Nov-69","51","Generation X","Generation X","Generation X","M","10/19/2015 ","NULL"
"256","","Monique","Pauzé","Repentigny","Quebec","Bloc Québécois","2015-10-19 0:00","2019-10-20 23:59","1950","68","Baby Boomer","Baby Boomer","Baby Boomer","F","10/19/2015","NULL"
"257","","Joe","Peschisolido","Steveston—Richmond East","British Columbia","Liberal","2015-10-19 0:00","2019-10-20 23:59","27-Apr-63","57","Generation X","Generation X","Generation X","M","10/19/2015","NULL"
"258","","Kyle","Peterson","Newmarket—Aurora","Ontario","Liberal","2015-10-19 0:00","2019-10-20 23:59","11-Mar-71","49","Generation X","Generation X","Generation X","M","10/19/2015","NULL"
"259","Hon.","Ginette","Petitpas Taylor","Moncton—Riverview—Dieppe","New Brunswick","Liberal","2015-10-19 0:00","2019-10-20 23:59","estimate","estimate","Generation X","Generation X","Generation X","F","10/19/2015","NULL"
"260","Hon.","Jane","Philpott","Markham—Stouffville","Ontario","Independent","2015-10-19 0:00","2019-10-20 23:59",NA,NA,NA,NA,NA,NA,NA,"Jane Little (1960-11-23) November 23, 1960 (age 60)Toronto, Ontario, Canada"
"261","","Michel","Picard","Montarville","Quebec","Liberal","2015-10-19 0:00","2019-10-20 23:59","15-Feb-60","61","Generation X","Baby Boomer","Baby Boomer","M","10/19/2015","NULL"
"262","","Louis","Plamondon","Bécancour—Nicolet—Saurel","Quebec","Bloc Québécois","2015-10-19 0:00","2019-10-20 23:59","31-Jul-43","77","Baby Boomer","Baby Boomer","Baby Boomer","M","10/19/2015","NULL"
"263","Hon.","Pierre","Poilievre","Carleton","Ontario","Conservative","2015-10-19 0:00","2019-10-20 23:59","03-Jun-79","41","Millennial","Millennial","Generation X","M","10/19/2015","NULL"
"264","","Jean-Claude","Poissant","La Prairie","Quebec","Liberal","2015-10-19 0:00","2019-10-20 23:59","1960","58","Generation X","Generation X","Generation X","M","10/19/2015","NULL"
"265","","Anne Minh-Thu","Quach","Salaberry—Suroît","Quebec","NDP","2015-10-19 0:00","2019-10-20 23:59","14-Aug-82","38","Millennial","Millennial","Millennial","F","10/19/2015","NULL"
"266","Hon.","Carla","Qualtrough","Delta","British Columbia","Liberal","2015-10-19 0:00","2019-10-20 23:59","15-Oct-71","49","Generation X","Generation X","Generation X","F","10/19/2015","NULL"
"267","Hon.","Lisa","Raitt","Milton","Ontario","Conservative","2015-10-19 0:00","2019-10-20 23:59","07-May-68","52","Generation X","Generation X","Generation X","F","10/19/2015","NULL"
"268","","Tracey","Ramsey","Essex","Ontario","NDP","2015-10-19 0:00","2019-10-20 23:59","14-Apr-71","49","Generation X","Generation X","Generation X","F","10/19/2015","NULL"
"269","","Murray","Rankin","Victoria","British Columbia","NDP","2015-10-19 0:00","2019-08-31 23:59","26-Jan-50","71","Baby Boomer","Baby Boomer","Baby Boomer","M","10/19/2015","NULL"
"270","","Yasmin","Ratansi","Don Valley East","Ontario","Liberal","2015-10-19 0:00","2019-10-20 23:59","04-Jan-51","70","Baby Boomer","Baby Boomer","Baby Boomer","F","10/19/2015","NULL"
"271","","Alain","Rayes","Richmond—Arthabaska","Quebec","Conservative","2015-10-19 0:00","2019-10-20 23:59","11-Dec-71","49","Generation X","Generation X","Generation X","M","10/19/2015","NULL"
"272","Hon.","Geoff","Regan","Halifax West","Nova Scotia","Liberal","2015-10-19 0:00","2019-10-20 23:59","22-Nov-59","61","Generation X","Baby Boomer","Baby Boomer","M","10/19/2015","NULL"
"273","","Scott","Reid","Lanark—Frontenac—Kingston","Ontario","Conservative","2015-10-19 0:00","2019-10-20 23:59","25-Jan-64","57","Generation X","Generation X","Generation X","M","10/19/2015","NULL"
"274","Hon.","Michelle","Rempel","Calgary Nose Hill","Alberta","Conservative","2015-10-19 0:00","2019-10-20 23:59","14-Feb-80","41","Millennial","Millennial","Generation X","F","10/19/2015","NULL"
"275","","Blake","Richards","Banff—Airdrie","Alberta","Conservative","2015-10-19 0:00","2019-10-20 23:59","08-Nov-74","46","Generation X","Generation X","Generation X","M","10/19/2015","NULL"
"276","","Jean","Rioux","Saint-Jean","Quebec","Liberal","2015-10-19 0:00","2019-10-20 23:59","09-Jun-53","67","Baby Boomer","Baby Boomer","Baby Boomer","M","10/19/2015","NULL"
"277","Hon.","Gerry","Ritz","Battlefords—Lloydminster","Saskatchewan","Conservative","2015-10-19 0:00","2017-10-02 23:59",NA,NA,NA,NA,NA,NA,NA,"(1951-08-19) August 19, 1951 (age 69)Delisle, Saskatchewan, Canada"
"278","","Yves","Robillard","Marc-Aurèle-Fortin","Quebec","Liberal","2015-10-19 0:00","2019-10-20 23:59","1942","76","Baby Boomer","Baby Boomer","Baby Boomer","M","10/19/2015 ","NULL"
"279","Hon.","Pablo","Rodriguez","Honoré-Mercier","Quebec","Liberal","2015-10-19 0:00","2019-10-20 23:59","21-Jun-67","53","Generation X","Generation X","Generation X","M","10/19/2015","NULL"
"280","","Churence","Rogers","Bonavista—Burin—Trinity","Newfoundland and Labrador","Liberal","2017-12-11 0:00","2019-10-20 23:59","1953","65","Baby Boomer","Baby Boomer","Baby Boomer","M","12/11/2017","NULL"
"281","","Sherry","Romanado","Longueuil—Charles-LeMoyne","Quebec","Liberal","2015-10-19 0:00","2019-10-20 23:59","12-Apr-74","46","Generation X","Generation X","Generation X","F","10/19/2015 ","NULL"
"282","","Anthony","Rota","Nipissing—Timiskaming","Ontario","Liberal","2015-10-19 0:00","2019-10-20 23:59","15-May-61","59","Generation X","Generation X","Generation X","M","10/19/2015","NULL"
"283","","Kim","Rudd","Northumberland—Peterborough South","Ontario","Liberal","2015-10-19 0:00","2019-10-20 23:59","1957","61","Generation X","Baby Boomer","Baby Boomer","F","10/19/2015","NULL"
"284","","Dan","Ruimy","Pitt Meadows—Maple Ridge","British Columbia","Liberal","2015-10-19 0:00","2019-10-20 23:59","1962","56","Generation X","Generation X","Generation X","M","10/19/2015","NULL"
"285","","Don","Rusnak","Thunder Bay—Rainy River","Ontario","Liberal","2015-10-19 0:00","2019-10-20 23:59","05-Oct-75","45","Generation X","Generation X","Generation X","M","10/19/2015","NULL"
"286","","Romeo","Saganash","Abitibi—Baie-James—Nunavik—Eeyou","Quebec","NDP","2015-10-19 0:00","2019-10-20 23:59","28-Oct-61","59","Generation X","Generation X","Generation X","M","10/19/2015","NULL"
"287","","Ruby","Sahota","Brampton North","Ontario","Liberal","2015-10-19 0:00","2019-10-20 23:59","1980","38","Millennial","Millennial","Millennial","F","10/19/2015","NULL"
"288","","Raj","Saini","Kitchener Centre","Ontario","Liberal","2015-10-19 0:00","2019-10-20 23:59","1967","51","Generation X","Generation X","Generation X","M","10/19/2015","NULL"
"289","Hon.","Harjit S.","Sajjan","Vancouver South","British Columbia","Liberal","2015-10-19 0:00","2019-10-20 23:59","06-Sep-70","50","Generation X","Generation X","Generation X","M","10/19/2015","NULL"
"290","","Darrell","Samson","Sackville—Preston—Chezzetcook","Nova Scotia","Liberal","2015-10-19 0:00","2019-10-20 23:59","13-Oct-59","61","Generation X","Baby Boomer","Baby Boomer","M","10/19/2015","NULL"
"291","","Ramesh","Sangha","Brampton Centre","Ontario","Liberal","2015-10-19 0:00","2019-10-20 23:59","06-Jun-45","75","Baby Boomer","Baby Boomer","Baby Boomer","M","10/19/2015","NULL"
"292","","Brigitte","Sansoucy","Saint-Hyacinthe—Bagot","Quebec","NDP","2015-10-19 0:00","2019-10-20 23:59","1963","55","Generation X","Generation X","Generation X","F","10/19/2015","NULL"
"293","","Randeep","Sarai","Surrey Centre","British Columbia","Liberal","2015-10-19 0:00","2019-10-20 23:59","1974/1975","44","Millennial","Generation X","Generation X","M","10/19/2015","NULL"
"294","","Bob","Saroya","Markham—Unionville","Ontario","Conservative","2015-10-19 0:00","2019-10-20 23:59","03-Feb-52","69","Baby Boomer","Baby Boomer","Baby Boomer","M","10/19/2015","NULL"
"295","","Francis","Scarpaleggia","Lac-Saint-Louis","Quebec","Liberal","2015-10-19 0:00","2019-10-20 23:59","06-Jun-57","63","Baby Boomer","Baby Boomer","Baby Boomer","M","10/19/2015","NULL"
"296","Hon.","Andrew","Scheer","Regina—Qu'Appelle","Saskatchewan","Conservative","2015-10-19 0:00","2019-10-20 23:59","20-May-79","41","Millennial","Millennial","Generation X","M","10/19/2015 ","NULL"
"297","","Peter","Schiefke","Vaudreuil—Soulanges","Quebec","Liberal","2015-10-19 0:00","2019-10-20 23:59","13-Apr-79","41","Millennial","Millennial","Generation X","M","10/19/2015 ","NULL"
"298","","Jamie","Schmale","Haliburton—Kawartha Lakes—Brock","Ontario","Conservative","2015-10-19 0:00","2019-10-20 23:59","estimate","estimate","Generation X","Generation X","Generation X","M","10/19/2015","NULL"
"299","","Deb","Schulte","King—Vaughan","Ontario","Liberal","2015-10-19 0:00","2019-10-20 23:59",NA,NA,NA,NA,NA,NA,NA,"1960 (age 60–61)"
"300","","Marc","Serré","Nickel Belt","Ontario","Liberal","2015-10-19 0:00","2019-10-20 23:59","1966/1967","52","Generation X","Generation X","Generation X","M","10/19/2015","NULL"
"301","Hon.","Judy A.","Sgro","Humber River—Black Creek","Ontario","Liberal","2015-10-19 0:00","2019-10-20 23:59","16-Dec-44","76","Baby Boomer","Baby Boomer","Baby Boomer","F","10/19/2015","NULL"
"302","","Brenda","Shanahan","Châteauguay—Lacolle","Quebec","Liberal","2015-10-19 0:00","2019-10-20 23:59","1957/1958","61","Generation X","Baby Boomer","Baby Boomer","F","10/19/2015","NULL"
"303","","Terry","Sheehan","Sault Ste. Marie","Ontario","Liberal","2015-10-19 0:00","2019-10-20 23:59","1970","48","Generation X","Generation X","Generation X","M","10/19/2015","NULL"
"304","","Martin","Shields","Bow River","Alberta","Conservative","2015-10-19 0:00","2019-10-20 23:59","28-Apr-48","72","Baby Boomer","Baby Boomer","Baby Boomer","M","10/19/2015","NULL"
"305","","Bev","Shipley","Lambton—Kent—Middlesex","Ontario","Conservative","2015-10-19 0:00","2019-10-20 23:59","22-Jun-47","73","Baby Boomer","Baby Boomer","Baby Boomer","M","10/19/2015","NULL"
"306","","Jati","Sidhu","Mission—Matsqui—Fraser Canyon","British Columbia","Liberal","2015-10-19 0:00","2019-10-20 23:59","1952/1953","66","Baby Boomer","Baby Boomer","Baby Boomer","M","10/19/2015","NULL"
"307","","Sonia","Sidhu","Brampton South","Ontario","Liberal","2015-10-19 0:00","2019-10-20 23:59","01-Mar-68","52","Generation X","Generation X","Generation X","F","10/19/2015 ","NULL"
"308","","Gagan","Sikand","Mississauga—Streetsville","Ontario","Liberal","2015-10-19 0:00","2019-10-20 23:59","confirmed","confirmed","Millennial","Millennial","Millennial","M","10/19/2015","NULL"
"309","","Scott","Simms","Coast of Bays—Central—Notre Dame","Newfoundland and Labrador","Liberal","2015-10-19 0:00","2019-10-20 23:59","12-Aug-69","51","Generation X","Generation X","Generation X","M","10/19/2015","NULL"
"310","","Jagmeet","Singh","Burnaby South","British Columbia","NDP","2019-02-25 0:00","2019-10-20 23:59","02-Jan-79","42","","Generation X","","M","2/25/2019","NULL"
"311","Hon.","Amarjeet","Sohi","Edmonton Mill Woods","Alberta","Liberal","2015-10-19 0:00","2019-10-20 23:59","08-Mar-64","56","Generation X","Generation X","Generation X","M","10/19/2015","NULL"
"312","","Robert","Sopuck","Dauphin—Swan River—Neepawa","Manitoba","Conservative","2015-10-19 0:00","2019-10-20 23:59","11-Jul-51","69","Baby Boomer","Baby Boomer","Baby Boomer","M","10/19/2015","NULL"
"313","","Francesco","Sorbara","Vaughan—Woodbridge","Ontario","Liberal","2015-10-19 0:00","2019-10-20 23:59","1971/1972","47","Generation X","Generation X","Generation X","M","10/19/2015","NULL"
"314","Hon.","Kevin","Sorenson","Battle River—Crowfoot","Alberta","Conservative","2015-10-19 0:00","2019-10-20 23:59","03-Nov-58","62","Baby Boomer","Baby Boomer","Baby Boomer","M","10/19/2015","NULL"
"315","","Sven","Spengemann","Mississauga—Lakeshore","Ontario","Liberal","2015-10-19 0:00","2019-10-20 23:59","03-Oct-66","54","Generation X","Generation X","Generation X","M","10/19/2015","NULL"
"316","","Bruce","Stanton","Simcoe North","Ontario","Conservative","2015-10-19 0:00","2019-10-20 23:59","20-Dec-57","63","Baby Boomer","Baby Boomer","Baby Boomer","M","10/19/2015","NULL"
"317","","Gabriel","Ste-Marie","Joliette","Quebec","Bloc Québécois","2015-10-19 0:00","2019-10-20 23:59","1982","36","Millennial","Millennial","Millennial","M","10/19/2015 ","NULL"
"318","","Wayne","Stetski","Kootenay—Columbia","British Columbia","NDP","2015-10-19 0:00","2019-10-20 23:59","23-May-52","68","Baby Boomer","Baby Boomer","Baby Boomer","M","10/19/2015","NULL"
"319","","Kennedy","Stewart","Burnaby South","British Columbia","NDP","2015-10-19 0:00","2018-09-14 23:59",NA,NA,NA,NA,NA,NA,NA,""
"320","","Mark","Strahl","Chilliwack—Hope","British Columbia","Conservative","2015-10-19 0:00","2019-10-20 23:59","26-Mar-78","42","Millennial","Generation X","Generation X","M","10/19/2015","NULL"
"321","","Shannon","Stubbs","Lakeland","Alberta","Conservative","2015-10-19 0:00","2019-10-20 23:59","08-Dec-79","41","Millennial","Millennial","Generation X","F","10/19/2015","NULL"
"322","","David","Sweet","Flamborough—Glanbrook","Ontario","Conservative","2015-10-19 0:00","2019-10-20 23:59","24-Jun-57","63","Baby Boomer","Baby Boomer","Baby Boomer","M","10/19/2015","NULL"
"323","","Marwan","Tabbara","Kitchener South—Hespeler","Ontario","Liberal","2015-10-19 0:00","2019-10-20 23:59","23-Aug-84","36","Millennial","Millennial","Millennial","M","10/19/2015 ","NULL"
"324","","Geng","Tan","Don Valley North","Ontario","Liberal","2015-10-19 0:00","2019-10-20 23:59","1963","55","Generation X","Generation X","Generation X","M","10/19/2015","NULL"
"325","Hon.","Filomena","Tassi","Hamilton West—Ancaster—Dundas","Ontario","Liberal","2015-10-19 0:00","2019-10-20 23:59","1962","56","Generation X","Generation X","Generation X","F","10/19/2015","NULL"
"326","","Luc","Thériault","Montcalm","Quebec","Bloc Québécois","2015-10-19 0:00","2019-10-20 23:59","31-Jan-60","61","Generation X","Baby Boomer","Baby Boomer","M","10/19/2015","NULL"
"327","","David","Tilson","Dufferin—Caledon","Ontario","Conservative","2015-10-19 0:00","2019-10-20 23:59","19-Mar-41","79","Baby Boomer","Baby Boomer","Baby Boomer","M","10/19/2015","NULL"
"328","Hon.","Hunter","Tootoo","Nunavut","Nunavut","Independent","2015-10-19 0:00","2019-10-20 23:59","18-Aug-63","57","Generation X","Generation X","Generation X","M","10/19/2015","NULL"
"329","","Brad","Trost","Saskatoon—University","Saskatchewan","Conservative","2015-10-19 0:00","2019-10-20 23:59","15-May-74","46","Generation X","Generation X","Generation X","M","10/19/2015","NULL"
"330","Right Hon.","Justin","Trudeau","Papineau","Quebec","Liberal","2015-10-19 0:00","2019-10-20 23:59","25-Dec-71","49","Generation X","Generation X","Generation X","M","10/19/2015 ","NULL"
"331","","Karine","Trudel","Jonquière","Quebec","NDP","2015-10-19 0:00","2019-10-20 23:59","confirmed","confirmed","Generation X","Generation X","Generation X","F","10/19/2015","NULL"
"332","","Dave","Van Kesteren","Chatham-Kent—Leamington","Ontario","Conservative","2015-10-19 0:00","2019-10-20 23:59","07-Oct-55","65","Baby Boomer","Baby Boomer","Baby Boomer","M","10/19/2015","NULL"
"333","Hon.","Peter","Van Loan","York—Simcoe","Ontario","Conservative","2015-10-19 0:00","2018-09-30 0:00",NA,NA,NA,NA,NA,NA,NA,"(1963-04-18) April 18, 1963 (age 57)Niagara Falls, Ontario, Canada"
"334","","Dan","Vandal","Saint Boniface—Saint Vital","Manitoba","Liberal","2015-10-19 0:00","2019-10-20 23:59","18-Apr-60","60","Generation X","Generation X","Baby Boomer","M","10/19/2015","NULL"
"335","","Anita","Vandenbeld","Ottawa West—Nepean","Ontario","Liberal","2015-10-19 0:00","2019-10-20 23:59","03-Dec-71","49","Generation X","Generation X","Generation X","F","10/19/2015","NULL"
"336","","Adam","Vaughan","Spadina—Fort York","Ontario","Liberal","2015-10-19 0:00","2019-10-20 23:59","03-Jul-61","59","Generation X","Generation X","Generation X","M","10/19/2015","NULL"
"337","","Karen","Vecchio","Elgin—Middlesex—London","Ontario","Conservative","2015-10-19 0:00","2019-10-20 23:59","06-Mar-71","49","Generation X","Generation X","Generation X","F","10/19/2015","NULL"
"338","","Arnold","Viersen","Peace River—Westlock","Alberta","Conservative","2015-10-19 0:00","2019-10-20 23:59","03-May-86","34","Millennial","Millennial","Millennial","M","10/19/2015","NULL"
"339","","Arif","Virani","Parkdale—High Park","Ontario","Liberal","2015-10-19 0:00","2019-10-20 23:59","23-Nov-71","49","Generation X","Generation X","Generation X","M","10/19/2015","NULL"
"340","","Cathay","Wagantall","Yorkton—Melville","Saskatchewan","Conservative","2015-10-19 0:00","2019-10-20 23:59","03-Jul-56","64","Baby Boomer","Baby Boomer","Baby Boomer","F","10/19/2015","NULL"
"341","","Mark","Warawa","Langley—Aldergrove","British Columbia","Conservative","2015-10-19 0:00","2019-06-20 23:59","07-May-50","70","Baby Boomer","Baby Boomer","Baby Boomer","M","10/19/2015","NULL"
"342","","Chris","Warkentin","Grande Prairie—Mackenzie","Alberta","Conservative","2015-10-19 0:00","2019-10-20 23:59","20-Nov-78","42","Millennial","Generation X","Generation X","M","10/19/2015","NULL"
"343","","Dianne L.","Watts","South Surrey—White Rock","British Columbia","Conservative","2015-10-19 0:00","2017-09-29 23:59",NA,NA,NA,NA,NA,NA,NA,"Dianne Lynn Watts (1959-10-30) October 30, 1959 (age 61)Vancouver, British Columbia"
"344","","Kevin","Waugh","Saskatoon—Grasswood","Saskatchewan","Conservative","2015-10-19 0:00","2019-10-20 23:59","1955/1956","63","Baby Boomer","Baby Boomer","Baby Boomer","M","10/19/2015 ","NULL"
"345","","Len","Webber","Calgary Confederation","Alberta","Conservative","2015-10-19 0:00","2019-10-20 23:59","10-Nov-60","60","Generation X","Generation X","Baby Boomer","M","10/19/2015","NULL"
"346","","Erin","Weir","Regina—Lewvan","Saskatchewan","Co-operative Commonwealth Federation","2015-10-19 0:00","2019-10-20 23:59","17-Jul-82","38","Millennial","Millennial","Millennial","M","10/19/2015 ","NULL"
"347","","Nick","Whalen","St. John's East","Newfoundland and Labrador","Liberal","2015-10-19 0:00","2019-10-20 23:59","06-Jun-73","47","Generation X","Generation X","Generation X","M","10/19/2015","NULL"
"348","Hon.","Jonathan","Wilkinson","North Vancouver","British Columbia","Liberal","2015-10-19 0:00","2019-10-20 23:59","1965","53","Generation X","Generation X","Generation X","M","10/19/2015","NULL"
"349","Hon.","Jody","Wilson-Raybould","Vancouver Granville","British Columbia","Independent","2015-10-19 0:00","2019-10-20 23:59",NA,NA,NA,NA,NA,NA,NA,"Jody Wilson (1971-03-23) March 23, 1971 (age 49)Vancouver, British Columbia, Canada"
"350","Hon.","Alice","Wong","Richmond Centre","British Columbia","Conservative","2015-10-19 0:00","2019-10-20 23:59","30-Jun-48","72","Baby Boomer","Baby Boomer","Baby Boomer","F","10/19/2015","NULL"
"351","","Borys","Wrzesnewskyj","Etobicoke Centre","Ontario","Liberal","2015-10-19 0:00","2019-10-20 23:59","10-Nov-60","60","Generation X","Generation X","Baby Boomer","M","10/19/2015","NULL"
"352","","Jean","Yip","Scarborough—Agincourt","Ontario","Liberal","2017-12-11 0:00","2019-10-20 23:59","1967/1968","51","Generation X","Generation X","Generation X","F","12/11/2017","NULL"
"353","","Kate","Young","London West","Ontario","Liberal","2015-10-19 0:00","2019-10-20 23:59","confirmed","confirmed","Baby Boomer","Baby Boomer","Baby Boomer","F","10/19/2015","NULL"
"354","","David","Yurdiga","Fort McMurray—Cold Lake","Alberta","Conservative","2015-10-19 0:00","2019-10-20 23:59","26-Mar-64","56","Generation X","Generation X","Generation X","M","10/19/2015","NULL"
"355","","Salma","Zahid","Scarborough Centre","Ontario","Liberal","2015-10-19 0:00","2019-10-20 23:59","1970","48","Generation X","Generation X","Generation X","F","10/19/2015","NULL"
"356","","Bob","Zimmer","Prince George—Peace River—Northern Rockies","British Columbia","Conservative","2015-10-19 0:00","2019-10-20 23:59","20-Oct-68","52","Generation X","Generation X","Generation X","M","10/19/2015","NULL"
